customer_id,name,email,city,state,signup_date,is_active
1,Allison Hill,donaldgarcia@example.net,New Roberttown,CO,2025-06-19,True
2,Lance Hoffman,lrobinson@example.com,Port Lindachester,MA,2025-08-04,True
3,Tyler Rogers,jamesmichael@example.com,Lindsaymouth,ND,2025-04-07,False
4,Jamie Arnold,barbara10@example.net,Port Keith,CO,2025-06-30,True
5,Jamie Chavez,francisco53@example.net,Jacquelineland,PA,2026-05-09,True
6,Nicholas Martin,onelson@example.net,Lake Mark,WI,2025-02-13,True
7,Andrew Stewart,carl95@example.org,Fostermouth,FL,2025-07-25,True
8,Patrick Ryan,zhurst@example.com,East William,CO,2025-02-06,True
9,Brittany Moore,ycarlson@example.com,Riceside,VI,2025-01-09,False
10,Ashley Dyer,kayla51@example.com,Mooretown,VA,2025-07-24,True
11,Pamela Romero,harrellkenneth@example.net,East Nathaniel,GA,2026-02-23,True
12,Tammy Sellers,tracy15@example.com,North John,OK,2025-03-03,True
13,John Jones,davidalvarez@example.net,West Allison,PA,2025-11-25,True
14,Tanya Campos,jenniferross@example.net,Samuelhaven,NV,2025-04-04,True
15,Austin Smith,briannasmith@example.net,East Carloston,VI,2025-09-14,True
16,David Caldwell,ambercummings@example.net,Sanchezfort,AS,2025-11-13,True
17,Brent Jordan,ujenkins@example.org,North Richardmouth,AS,2025-03-26,False
18,Connor West,dwhite@example.org,South Lindseyside,CT,2025-02-09,True
19,Kimberly Smith,housemelinda@example.org,Tuckerborough,VI,2025-11-08,False
20,Carmen Smith,ybaker@example.com,Rodneyside,TN,2026-01-14,False
21,Edward Novak,adkinsbrian@example.net,Shawhaven,GA,2025-02-14,True
22,Angela Lopez,leonardjoe@example.org,New Brooke,RI,2025-03-05,True
23,Kevin Mills,james53@example.com,Andersonport,NH,2025-09-03,False
24,Taylor Smith,jonesjason@example.com,West Nicole,FM,2025-07-09,False
25,Christopher Bass,cheryl80@example.net,Sarahville,FM,2025-04-15,False
26,Steve Newton,josephjacobs@example.net,Jamesview,NY,2026-01-15,True
27,Terry Williams,ccalderon@example.org,Kellieview,GA,2025-12-10,True
28,Jessica Smith,landryhannah@example.org,Port Mikeside,FL,2025-11-30,False
29,Eric Nolan,nolanjason@example.org,West Kimberlychester,RI,2025-05-01,True
30,Cynthia Martin,nicolejohnson@example.net,Kimberlychester,AS,2026-06-05,True
31,Rita Adams,reyesbenjamin@example.com,East Lisa,NH,2025-09-29,False
32,Robert Perez,kellerraymond@example.com,Port Joshuahaven,MO,2026-06-12,True
33,Ms. Teresa Wilson,gregory40@example.org,Reedmouth,NE,2026-04-16,False
34,Mrs. Stephanie Lee,fletcheraaron@example.net,West Ryan,TN,2025-09-14,False
35,Mary Martinez,william65@example.com,Angelaborough,MT,2026-06-01,False
36,Megan Orr,richard04@example.com,South Kristi,PA,2026-05-24,True
37,Jeremy Lowe,yleon@example.net,Lake Christopher,NY,2026-05-31,False
38,Frances Cardenas,emilywalker@example.org,North Brandon,NJ,2026-04-20,True
39,Angel Perry,jennifercruz@example.com,East Diana,AL,2025-03-24,False
40,Colleen Brock,pwilliams@example.org,Andersonmouth,TN,2026-02-17,True
41,Linda Dodson DVM,jrivas@example.com,Lake Michelle,NV,2025-07-21,False
42,Sara Ramirez,rsims@example.com,Lake Justinview,MA,2025-09-06,False
43,Angela Hernandez,tbenson@example.org,South Rickside,NH,2025-11-19,True
44,Ross Price,gateskathy@example.com,Smithstad,ME,2025-10-30,True
45,Tiffany Barnes,tracynelson@example.com,South Matthewfurt,VA,2025-05-09,True
46,Tamara Hooper,meadowsbrittany@example.net,North Dawnberg,VI,2025-12-25,True
47,David Murphy,wmurphy@example.com,Karenchester,KS,2025-03-05,False
48,Paul Williams,jeffrey10@example.org,East Mary,RI,2025-04-29,True
49,John Wilson,stevenscott@example.com,New Catherine,WA,2025-03-30,True
50,Carla Collins,hickmanbarbara@example.com,Davidborough,CA,2026-04-05,True
51,Lori Garcia,melissa91@example.net,West Amandastad,CA,2026-01-28,False
52,Alexandria Fisher,xgarcia@example.net,Zimmermanchester,HI,2026-02-10,False
53,Debra Morton,umarshall@example.net,Marcusbury,MP,2025-03-09,False
54,Jerry Christensen,frogers@example.com,South Jason,AS,2025-07-20,False
55,Spencer Haynes,angela83@example.org,Lake Richard,OH,2025-07-06,True
56,Maria Henry,davisjeffrey@example.net,West Elizabeth,MN,2026-01-03,False
57,Hailey Barajas,michael74@example.com,Jerryborough,MD,2025-04-03,False
58,Tiffany Vaughn,javierwashington@example.net,Tinaborough,LA,2025-06-26,True
59,Eric Erickson,joshuamccann@example.net,Heidiberg,SC,2026-01-17,False
60,Adam Mitchell,lalexander@example.org,Shelleyfort,DE,2025-02-20,True
61,Benjamin Soto,hernandezlisa@example.com,East Davidchester,PA,2026-04-09,True
62,Courtney Mills,tkerr@example.net,Torreston,RI,2025-03-19,True
63,Christine Clark,mooreglenn@example.org,North Ricky,UT,2026-04-07,True
64,Andrew Roberts,jacqueline71@example.net,West Kristin,SC,2026-04-04,False
65,Taylor Coleman,deborahkerr@example.org,North Gabrielport,PA,2026-03-19,False
66,Jessica Harrison,holly48@example.net,Kimton,FM,2025-12-02,False
67,Lindsey Johnson,suzannehuff@example.net,Port Emilyview,OK,2025-02-01,True
68,Casey Stone,lmoon@example.net,Waltersfort,CO,2026-01-01,False
69,Gary Santiago,marksteele@example.com,Cervantesside,AZ,2025-12-20,True
70,David Wilson,ahancock@example.net,Gutierrezborough,NC,2025-10-09,True
71,Kathleen Ramos,harrisandrea@example.com,Gilmorefort,DE,2025-01-23,True
72,Lisa Allen,lancesmith@example.com,East Victoriaville,NH,2025-04-02,False
73,Brittany Cantu,william46@example.com,Sanchezside,FL,2025-10-25,False
74,Kyle Francis,michellehill@example.com,Sarahhaven,KY,2025-01-02,False
75,Edwin Matthews,cgrimes@example.net,Reedside,WV,2026-02-27,True
76,Timothy Kane,ashleyhall@example.com,West Juliefurt,MS,2026-05-31,True
77,Marissa Hernandez,martineztammy@example.com,Port Meganville,NC,2025-12-21,False
78,Charles Pitts,charlesharrington@example.com,Cindyfurt,SD,2025-03-04,True
79,Sarah Villarreal,ofinley@example.net,Brennanton,RI,2025-02-23,False
80,Michael Mitchell,juliehamilton@example.org,South Garrettport,MH,2025-01-23,False
81,Robert Carter,ryan38@example.com,East Gregory,RI,2025-10-25,False
82,Cynthia Durham,jesselittle@example.com,Elizabethmouth,MH,2025-08-12,True
83,Brooke Alexander,vanessa46@example.net,Stephenport,ID,2025-10-26,False
84,Ashley James,bailey40@example.net,Hillshire,VI,2026-06-17,True
85,Valerie Lozano,swall@example.org,Jefferyborough,RI,2025-07-14,True
86,Michelle Hopkins,courtneyberger@example.net,West Kristinaton,OR,2025-10-11,False
87,Ann Phillips,ithompson@example.net,Alyssaview,MP,2025-05-08,False
88,Roger Olson,julie51@example.com,East Karenbury,VI,2026-06-10,False
89,Veronica Coffey,christopher60@example.com,South Miguelview,OR,2025-10-23,False
90,Teresa Rodriguez,thomasharvey@example.net,Rosebury,SD,2025-02-19,True
91,Julie Haynes,cwilson@example.org,Wendyville,CT,2025-07-02,True
92,Brandy Chavez,umatthews@example.org,Penafort,RI,2025-11-13,False
93,Diana Vaughn,scottsampson@example.com,Lake Michaelstad,AR,2025-11-06,True
94,Walter Rush,ndavis@example.net,North Kristinbury,DC,2026-03-15,True
95,Ronald Spencer,lisahall@example.org,West Micheleberg,DC,2026-02-24,True
96,Christopher Guerrero,andersonmichael@example.org,Alfredview,AR,2025-04-09,True
97,Kelly Reese,xwest@example.net,South Williamton,VA,2026-05-27,True
98,Judith Maynard,lutzmelanie@example.com,South Jennifermouth,CA,2025-03-04,False
99,Charles Martinez,oscar98@example.com,Wagnerchester,CT,2025-03-30,True
100,Marilyn Mack,russellbeasley@example.com,Mariafurt,MT,2025-03-15,False
101,Erik Scott,gloriawells@example.org,North Ryanstad,AS,2025-04-12,False
102,Laurie Hoffman,elizabeth65@example.net,Parrishton,LA,2026-04-12,False
103,Brian Romero,dianewalker@example.org,Meganstad,DE,2025-08-05,False
104,Renee Bruce,lynchdiane@example.net,Anthonyview,UT,2025-08-28,True
105,Heather White,ashleymorales@example.org,North Julieborough,MS,2025-11-23,True
106,Christopher Collins,kimberly99@example.org,East Ericton,TX,2025-03-05,False
107,Matthew Tucker,nperry@example.net,West Russellport,TX,2026-06-11,False
108,Kelsey Parker,randallgreene@example.org,West Sierra,WI,2025-04-17,True
109,Donna Wilson,lburgess@example.org,Patelbury,NY,2026-03-10,False
110,Renee Jones,grahamsteve@example.org,Barbarashire,MO,2026-05-13,False
111,Brian Smith,george97@example.net,Christopherville,IA,2025-12-05,True
112,Kelly Foster,julie35@example.org,New Cynthiahaven,NY,2025-05-31,False
113,Hannah Luna,joelthomas@example.org,New Eric,WV,2026-05-25,True
114,Trevor Burton,wwebster@example.net,Maldonadoshire,SD,2026-05-09,False
115,Mrs. Tricia Stewart,cjones@example.net,Laurashire,AR,2025-10-01,True
116,Emily Hayes,woodjustin@example.net,New Brookefurt,NH,2026-03-27,True
117,Rebecca Huang,kstout@example.net,West Cassidy,NY,2025-04-28,False
118,Joanna Shepherd,toni18@example.net,North John,NV,2025-12-08,True
119,Lisa Cox,paul59@example.org,Cameronville,OH,2026-06-11,True
120,David York,mathewaguilar@example.org,Kylefurt,DC,2026-04-08,False
121,Angela Hansen,lisa81@example.net,Romerotown,MN,2025-08-28,True
122,Daniel Meza,ilee@example.org,West Meganville,NY,2026-02-24,True
123,Sophia Johnson,nancy92@example.net,Mooreburgh,MP,2026-06-23,False
124,Rhonda Martin,xwilliams@example.net,South Cheryl,WV,2025-12-15,False
125,David Sheppard,mmckee@example.com,Murrayport,WI,2025-10-24,True
126,Jennifer Martin,laurietaylor@example.com,Lake Timothystad,OH,2025-03-21,True
127,Kelli Martinez,hinesjoshua@example.net,Port Samuel,PW,2025-06-22,False
128,Stacey Arias,gbrown@example.com,South Virginia,MN,2025-06-24,False
129,Timothy Combs,lacey20@example.com,Hortonberg,WV,2025-12-31,True
130,Aaron Miller,jason28@example.net,Rodriguezport,IA,2025-08-22,True
131,David Fowler,fbrown@example.net,Lake Zacharybury,VT,2025-04-22,True
132,Aaron Gomez,qlopez@example.org,Carloshaven,ND,2026-01-30,True
133,Katie Smith,ywilliams@example.com,Juliestad,WY,2025-02-22,True
134,Nicholas Fuller,dennis58@example.com,Port Kimberly,NH,2026-01-07,False
135,Robin Brown,mjohnson@example.org,North Leslie,ME,2026-02-05,True
136,Robert Kennedy,mullinsjames@example.com,Port Dianaview,DE,2025-10-13,True
137,James Gonzales,lmorgan@example.com,Richardsonhaven,KY,2025-03-06,True
138,Angela Morrison,amymorris@example.org,Donnaport,NV,2026-04-14,False
139,Carol Wallace,wwilliams@example.net,Hillton,CA,2026-06-06,True
140,Heidi Owen,stephaniethomas@example.net,Johnsonland,IA,2026-05-17,False
141,James Bradley,erikarush@example.com,Hinesshire,DC,2026-02-16,False
142,Ernest Ramirez,johnsonjacob@example.net,Mcintyreville,KS,2025-07-22,True
143,Cindy Carr,igonzalez@example.org,Thompsonmouth,CO,2026-06-14,True
144,Victoria Contreras,piercekelly@example.com,Lake Jenna,UT,2026-05-11,False
145,Isaiah Walker,laurayoung@example.com,West Angelastad,NH,2026-03-05,False
146,Stephen Jones,ukey@example.com,Hammondshire,CA,2025-04-08,False
147,Maria Cole,david89@example.org,South Wesley,VI,2025-02-13,False
148,Kelly Torres,marcusfletcher@example.com,Meghanview,ID,2026-05-09,False
149,Denise Weber,shawgary@example.net,East Donna,VA,2026-04-16,True
150,Thomas Williams,millerstacy@example.net,Debrashire,MT,2026-04-26,True
151,Kathleen Burton,dawn47@example.org,Evansland,UT,2025-02-16,True
152,Jason Marshall,catherine55@example.net,Theresaberg,WV,2025-10-15,True
153,Ashley Allen,adamsjohn@example.org,West Soniachester,IA,2025-05-05,False
154,Taylor Griffith,kathrynjimenez@example.net,Jimenezport,NM,2025-01-19,True
155,James Bryant,jasongomez@example.org,Troyfort,LA,2026-02-21,True
156,Brian Anderson,jessica65@example.org,Williamsside,ID,2025-10-09,True
157,Angel Gordon,marcia99@example.org,North Phillip,WY,2025-09-21,True
158,Holly Thomas,cporter@example.org,Lake Mason,NJ,2026-02-08,True
159,Larry Robertson,sarah52@example.com,Brittneyhaven,MP,2026-01-31,True
160,Michelle Evans,richardsonemily@example.com,Lauratown,PA,2026-01-04,True
161,Matthew Stanton,jennifersilva@example.org,Hernandezbury,AZ,2026-03-21,True
162,Ashley Smith,robert63@example.com,Salaston,VT,2025-04-18,True
163,Kristina Bolton,ufox@example.org,Barrmouth,ND,2025-10-03,False
164,Sharon Becker,chelsea33@example.com,Jeffreyport,WI,2025-08-13,True
165,Melissa Burns,ybailey@example.net,Keithshire,TX,2026-02-26,True
166,William Cardenas,kellyroberts@example.net,West Sandraview,WA,2026-01-08,False
167,Ronald Nelson,derrick99@example.org,North Elizabeth,NC,2025-06-25,False
168,Amy Gutierrez,xgarcia@example.org,New Tiffanyburgh,MT,2026-05-23,True
169,Sherry Woods,katelynmitchell@example.com,Port Christophershire,IN,2026-02-20,True
170,Sarah Johnson,robertmonroe@example.org,Frenchburgh,WA,2025-08-13,False
171,Alexandra Bradley,hebertmatthew@example.com,Smallberg,PR,2026-01-27,True
172,Corey Rodriguez,jessicawong@example.net,North Jill,WY,2025-08-18,False
173,Nicole Thompson,gwilcox@example.com,South Elizabethburgh,DC,2026-01-06,False
174,David Green,seanadams@example.com,Brandishire,AL,2025-07-23,True
175,Melissa Brown,marshallerik@example.net,Hannahport,MN,2026-04-23,True
176,Tyler Mendoza,madkins@example.com,Milesfort,WV,2026-02-22,True
177,Samantha Gill,foxallison@example.com,New Danielside,MH,2026-01-28,False
178,Joshua Martin,nwilson@example.net,Davishaven,NV,2025-02-13,False
179,Jose Bryant,hansenemily@example.com,South Jonathantown,WA,2025-06-19,False
180,Amber Cooper,weaverbrian@example.org,Johnsonchester,HI,2025-04-16,False
181,Veronica Brewer,ybrooks@example.com,Bennettside,DC,2026-05-23,False
182,Barbara Haney,urice@example.org,Port Andrewport,NH,2026-06-08,True
183,Jessica Gray,johnreed@example.com,Lake Kathy,AZ,2026-05-28,True
184,Ralph Stephenson,allencarlos@example.net,South Carlaton,IA,2025-02-04,True
185,David Robinson,taylorvictoria@example.org,Barbaramouth,IA,2025-08-23,False
186,Victoria Boyd,dturner@example.net,Lake Erika,OH,2026-01-20,False
187,Gregory Schneider,ufloyd@example.net,Russellport,MS,2025-05-23,True
188,Kara Atkinson,meredith27@example.org,Faulknerside,NC,2025-04-15,True
189,David Rivera,nielsenmelanie@example.org,North Joseph,TX,2026-04-15,True
190,Shelly Lopez,timothybooth@example.com,Susantown,IL,2025-05-28,True
191,Autumn Key,srocha@example.net,South Rose,OH,2025-09-07,False
192,Jamie Ferguson,kyle58@example.com,Garciafort,WV,2025-09-06,True
193,Jacqueline Gutierrez,joycesmith@example.net,Phillipsborough,MA,2025-06-28,False
194,Roy Porter,jonathan77@example.com,Lake Laura,GA,2025-04-19,True
195,Katherine Stark,warrenmary@example.org,Port Adamberg,MP,2026-05-05,False
196,Michael Smith,nbrooks@example.net,Hopkinstown,AL,2026-02-18,False
197,Alexandra Moreno,amanda40@example.net,Drakeburgh,CT,2025-03-16,True
198,Daisy Harvey,lisa46@example.org,Susanmouth,OK,2025-07-08,True
199,Courtney Sutton DVM,davisnicholas@example.net,Browntown,UT,2025-05-14,False
200,Ryan Newman,ariel18@example.org,East Rachel,UT,2026-03-17,True
201,Anthony Jones,rachel90@example.org,Alexisborough,OR,2025-04-22,True
202,Michelle Sanders,evansanne@example.net,Rhodesside,MA,2025-10-26,True
203,Brenda Hinton,masonterri@example.org,South Jesseland,MA,2026-04-16,True
204,Tina Sanders,anthony47@example.com,West Angela,MS,2025-12-02,True
205,Kevin James,lauren11@example.com,South Jennifer,SC,2025-04-30,True
206,Emily Rodriguez,hahnsean@example.com,East Christopherchester,NV,2026-03-09,False
207,Jennifer Johnson,angela99@example.com,Smithchester,MS,2025-03-07,False
208,Kristin Haney,ashleyjackson@example.com,East Joseph,KY,2026-01-19,False
209,Christopher Hill,todd15@example.com,Lake Colleen,PA,2026-04-24,True
210,Brian Torres,ncook@example.com,Scottchester,GU,2026-05-21,False
211,Brandy Flores,timothythompson@example.com,Kellyfort,OK,2025-07-08,True
212,Douglas Hartman,daniel93@example.net,Lake Katrina,AK,2025-12-25,True
213,Christine Salinas,fuenteslaura@example.com,Taylorport,IA,2025-07-16,False
214,Michelle Mccormick,colecarla@example.net,Fergusonchester,ND,2025-01-29,True
215,Heather Woodard,rodriguezjohn@example.net,Gabrielton,OK,2026-05-17,False
216,Jennifer Goodwin,grodriguez@example.com,New Julie,OH,2026-03-27,False
217,Connie Brooks,lbarton@example.net,West Whitney,NJ,2025-03-23,False
218,Thomas Miller,michaelcooper@example.org,Baileyville,NV,2025-12-18,False
219,Eric Patrick,johnsonmatthew@example.org,Lake John,HI,2026-03-05,False
220,Justin Mullen,laurensoto@example.org,Fosterborough,NV,2026-04-05,False
221,Aaron Lewis,karen19@example.org,West Mark,NH,2025-03-30,True
222,Scott Rose,candice96@example.net,West Michaelmouth,RI,2025-05-15,True
223,Michele Evans,powerslawrence@example.org,Darylstad,UT,2025-04-20,False
224,Jennifer Taylor,fhenderson@example.net,New Garrett,LA,2025-04-19,True
225,Ryan Harvey,stephanie72@example.org,Maynardhaven,SD,2026-01-20,True
226,John Mckinney,fburns@example.net,Port Kathleenport,AZ,2025-08-02,True
227,Dylan Norman,hdunn@example.net,West Kimberlystad,ND,2025-02-02,False
228,Jessica Robinson,pgarcia@example.org,Nancyton,NV,2025-07-24,True
229,Robert Gonzales,rowejoel@example.net,Michellechester,GA,2026-04-24,True
230,Daniel Clark,hudsonamanda@example.net,West Tiffany,LA,2025-08-13,False
231,Tiffany Robertson,taylorkaren@example.com,West Michelleberg,UT,2025-04-14,True
232,Michael Poole,kburns@example.net,Courtneyfurt,NV,2025-02-28,True
233,Sheryl Davis,heather57@example.com,Brandiland,VA,2025-12-23,True
234,Melissa Horn,brobinson@example.org,Adamsport,MA,2026-03-02,True
235,Kylie Washington,patricia00@example.org,Smithburgh,NV,2025-12-21,True
236,Tyler Harris,nicoleturner@example.com,Lake Michaelland,MN,2026-06-01,True
237,Carol Sanders,jessica36@example.net,Lake Codyborough,NJ,2025-03-02,True
238,Darrell Frazier,smithmatthew@example.org,Bensonfort,CA,2025-06-27,False
239,Nicholas Garcia,michael42@example.com,Lake Victoria,FL,2025-02-23,True
240,Alejandra Santos,nbell@example.net,South Christina,NV,2025-06-18,True
241,Brian Goodwin,bbell@example.com,East Joshua,CO,2025-07-12,True
242,Lindsay Lawson,abbottdominique@example.com,New Catherine,ID,2025-11-01,True
243,Anthony Hurst,troyrodriguez@example.com,New Pamelatown,MN,2025-09-03,False
244,Scott Carroll,amy27@example.org,New Carlosview,IL,2025-01-31,False
245,Tiffany Sanders,courtney86@example.com,Millerside,ND,2026-04-24,False
246,Bradley Miller,terrimoore@example.com,Willisland,ME,2025-12-06,True
247,Sarah Brown,middletondarren@example.net,West Elizabethburgh,DE,2025-01-10,False
248,Meredith Martin,alexandra42@example.com,Lake Kimberly,KY,2025-04-02,True
249,Alyssa Roman,alexandria49@example.net,South Spencerstad,AR,2026-01-24,False
250,Carol Moore,shannonemily@example.org,Lake William,AZ,2025-01-10,False
251,John Reyes,haroldhorne@example.org,Walkerbury,MT,2025-09-06,True
252,Blake Watson,whitelinda@example.org,Jonesmouth,VI,2025-08-08,False
253,Emily Miller,msmith@example.com,Jodibury,NH,2025-10-14,False
254,Katherine Barton,jessicapayne@example.org,North Sarah,AK,2025-06-30,False
255,Makayla Steele,tapiaaaron@example.net,Sweeneyport,CT,2025-06-09,True
256,Cynthia Vasquez,kaufmandouglas@example.com,North Samanthahaven,MT,2025-10-17,True
257,Paul Carpenter,danafoster@example.net,South Elaineberg,IA,2025-08-15,False
258,Ethan Owen,louis43@example.org,East Kimberly,OR,2025-03-26,True
259,Christopher Owens,wmartinez@example.org,Parkerview,PR,2025-04-04,True
260,Robert Torres,lewismelissa@example.org,Lake Johnstad,MO,2026-02-03,True
261,Edwin Wilkins,anthonysullivan@example.com,North Steven,AS,2025-04-19,False
262,Antonio Norman,davidcolon@example.com,New Brendaland,AK,2025-02-20,True
263,Matthew Lamb,steinmaria@example.com,North Sheriton,GA,2026-03-22,False
264,Nathaniel Crawford,lvega@example.com,East Joshua,NV,2025-04-26,True
265,Manuel Sanchez,victor87@example.org,West Patrickchester,ID,2026-05-15,True
266,Kelly Mccoy,mayokimberly@example.com,Stephensfort,MI,2026-03-16,False
267,Jasmine White,carla04@example.org,Morenoshire,IN,2025-05-04,False
268,Matthew Adams,gallagherstacie@example.net,Kellyburgh,HI,2025-07-03,True
269,Renee Wolfe,warnermichael@example.net,New Stacy,MP,2026-01-18,False
270,Casey Johnson,halljeffery@example.net,Smithborough,AS,2025-04-12,False
271,Christopher Lang,brian29@example.net,Port Daniel,NC,2025-10-11,True
272,Jacqueline Mcmahon,vwillis@example.com,Derekburgh,VA,2025-12-06,False
273,Toni Banks,jasminehoffman@example.net,Jeffreyshire,GU,2025-05-17,True
274,Nicholas Phillips,jessicarush@example.net,Rosalesshire,AZ,2025-05-22,True
275,Tammy Ponce,daniellegarcia@example.com,West Julie,IA,2025-09-27,False
276,Mrs. Stacey Davis,sean43@example.org,West Jonathanville,VA,2025-01-01,True
277,Jeffrey Barnes,nicolesnyder@example.com,Amyville,MP,2026-01-08,True
278,Laura Chang,franciscojones@example.org,Andrewview,CT,2025-02-27,True
279,Stephen Martin,paynerachael@example.org,Brookefort,VT,2025-01-25,False
280,Matthew Lawson,gmoore@example.com,East Robert,OH,2026-02-24,False
281,Douglas Young,longandrea@example.com,North Michael,NE,2025-03-10,True
282,Matthew Greene,collinclark@example.net,Tiffanyfort,PR,2025-03-31,False
283,James Burns,christopher86@example.org,Nicolestad,HI,2025-12-13,True
284,Jeremiah Baker,anne21@example.org,Lindseychester,WV,2026-04-04,False
285,Antonio Hughes,rsheppard@example.com,South Kent,MO,2025-01-27,False
286,Stephanie Mcbride,davidtodd@example.org,East Lindsey,DC,2025-02-03,False
287,William Graham,maryscott@example.net,North Paulfurt,OH,2025-09-11,True
288,Kelly Stark,buchanancindy@example.net,Rodriguezberg,FL,2026-03-17,True
289,Olivia Ayers,hartcraig@example.com,Natalieview,MS,2026-05-24,False
290,Mr. Andrew Hill,christinebecker@example.com,South Pamelamouth,UT,2025-07-04,False
291,John Adams,andrew44@example.com,Garrisonville,VI,2025-06-27,True
292,William Ramos,joseph69@example.net,East Scottchester,WA,2026-01-12,True
293,Sharon Nicholson,cameronmckinney@example.com,Port Melissa,FM,2026-03-18,False
294,Corey Whitaker,wrightstephen@example.com,West Micheal,NH,2026-01-28,True
295,Thomas Maldonado,nathanwheeler@example.org,Matthewsstad,MI,2025-05-08,False
296,Deanna Rivas,mitchellpaul@example.org,Port Jeffrey,IN,2026-06-11,True
297,Matthew Palmer,wellsdavid@example.org,East Johnnyport,VT,2026-05-15,False
298,Steven York,dking@example.com,Silvatown,NY,2026-05-30,False
299,Sara Hoffman,kenneth17@example.org,Vanessamouth,VI,2025-08-04,True
300,Michael Stafford,jacob83@example.org,Guerreroberg,VA,2025-01-20,True
301,Yolanda Green,vsullivan@example.org,West Jessica,IN,2026-06-18,True
302,Rachel Knox,william28@example.org,Connorberg,WA,2025-07-20,True
303,Kristin Gaines,destiny35@example.org,Robertmouth,MN,2025-07-22,True
304,Julie Wilson,delacruzbrandy@example.net,South Pamelahaven,DE,2026-06-13,False
305,Edwin Brown,derrickgonzalez@example.com,Thomasburgh,WI,2025-03-04,True
306,Mr. Christopher Walters,hayesjason@example.org,South Kristen,WI,2025-03-10,False
307,Jeffrey Jordan,ysanford@example.org,New Jamesstad,AL,2025-09-08,True
308,Kiara Smith,simsjohn@example.net,Larryville,MS,2026-01-26,True
309,Carol Colon,stacy78@example.net,Ryanberg,MA,2026-01-16,False
310,Colin Vaughan,osmith@example.net,East Jessica,OR,2026-01-27,False
311,Jacob Santos,brooksdanielle@example.net,New Virginiaville,SD,2025-01-16,True
312,Brian Wallace,kelleythomas@example.org,Lake Gina,AL,2025-08-22,False
313,Brian Meyer,robertroach@example.net,West Danielville,NM,2025-06-04,True
314,Paula Decker,michaelortiz@example.org,New Tylerborough,UT,2026-01-09,True
315,Aaron Powers,conleyelizabeth@example.org,Port Williamville,MH,2025-07-18,True
316,Joyce Madden,steven12@example.org,Michaelmouth,NE,2025-04-01,False
317,Peter Williams,elizabethjackson@example.com,Friedmanview,FM,2025-03-14,False
318,Grant Wilson,rrivers@example.com,Marshburgh,DE,2025-04-13,True
319,Amy Dunlap,dalepruitt@example.com,Whitefurt,WI,2025-10-06,True
320,Shari Hobbs,timothyfreeman@example.com,Williamsview,SD,2025-09-02,True
321,Sean Warren,tiffanysantiago@example.com,South Dorothybury,NJ,2025-09-26,True
322,Margaret Hernandez,smithsarah@example.net,Christianburgh,CA,2026-01-17,False
323,Gary Ramirez,andreagray@example.org,South Seanshire,NV,2025-03-10,True
324,Jillian Wilson,bmcgee@example.org,Gutierrezside,OH,2025-01-01,True
325,Rebecca Richmond,pamela83@example.net,Clementsstad,GU,2025-02-12,False
326,Sarah Rivera,xmoran@example.net,Wilsonbury,AL,2025-09-23,False
327,Mark Marsh,jacqueline02@example.com,Port Jennifer,VA,2025-11-14,True
328,Levi Lopez,ylewis@example.org,Danielchester,AZ,2026-05-07,False
329,Leah Barton,lellis@example.net,South Adam,WA,2025-02-07,True
330,Jessica Richards,heatherthompson@example.org,South Dianemouth,NY,2025-10-26,True
331,Lee Schwartz,joshuastuart@example.com,Ballardberg,MT,2026-04-13,False
332,Nicole Evans,jennifer83@example.org,New Jennifer,TX,2025-09-26,True
333,Brandi Page,williambenson@example.com,Port Michaelfort,OR,2026-03-20,False
334,Michelle Craig,natalie60@example.net,North Oscarton,TN,2025-02-13,True
335,Paul Martin,frances20@example.net,Jamesside,AZ,2025-10-06,True
336,Ashley Parrish,juliahoffman@example.org,Heatherton,MS,2025-10-29,False
337,Richard Jennings,smithjohn@example.net,Greerstad,WV,2026-04-03,False
338,Lindsey Parsons,kellythompson@example.net,East Sydneyhaven,DE,2025-10-20,False
339,Douglas Baker,brandyscott@example.com,Mckinneyberg,AZ,2025-04-30,True
340,Linda Ayala,tracy98@example.com,Port Jasminehaven,IN,2025-05-23,True
341,Rachel Moore,odavis@example.org,Markport,IL,2026-04-26,True
342,Yesenia Colon,wilsonmichael@example.org,North Felicia,MD,2025-10-24,True
343,Theresa Cruz,angel85@example.net,Tuckerport,MH,2026-05-22,False
344,Jose Vaughan,teresaayala@example.net,Lake Cameronborough,VI,2026-06-17,False
345,Brian Medina,elucas@example.net,North Stephen,MA,2025-01-30,False
346,Anthony Bauer,andrewsjeremy@example.com,Hughesfurt,NE,2025-09-03,True
347,Michael Nichols,avilabrenda@example.net,West Sarahville,LA,2026-06-17,False
348,Brandon Hubbard,qjames@example.org,Moorebury,DC,2025-10-31,False
349,Sarah Phillips,kennetheaton@example.net,Susantown,OH,2026-03-08,False
350,Andrew Armstrong,fmedina@example.com,Lake Judith,VA,2025-09-25,False
351,Taylor York,eugenewalker@example.com,North Howard,AS,2026-03-17,True
352,Sarah Randolph,enewman@example.com,West Coreyshire,NM,2025-09-14,True
353,Michael Young,christine35@example.com,Murphyport,UT,2026-03-30,False
354,Keith Aguirre,ujackson@example.org,Lake Jodi,NE,2025-08-03,True
355,Brandy Quinn,wford@example.com,Arnoldburgh,SD,2026-04-17,False
356,Douglas Serrano,josemercado@example.org,North Melissatown,GU,2026-03-28,True
357,Patricia Lewis,arnoldamy@example.net,Valdezberg,MN,2025-11-01,True
358,Raymond Quinn,dennis88@example.org,Coxtown,TN,2025-07-05,False
359,Renee Mendez,katherinetaylor@example.org,New Stacy,TN,2025-04-24,False
360,Karen Howard,kathleenhall@example.com,Jimborough,NC,2025-10-08,False
361,Thomas Keith,hoopermario@example.net,Maryview,OR,2026-02-27,False
362,Jamie Gray,blacknicholas@example.org,Gomezstad,NM,2026-01-10,True
363,Adriana Macias,emartin@example.net,Jasonburgh,GA,2025-10-09,False
364,Ruth Guerrero,ushepherd@example.org,Leonardfort,IL,2026-04-04,True
365,Roy Johnson,andersonbrittany@example.org,New Dylanburgh,KS,2025-05-20,False
366,Jennifer Costa,johnsjessica@example.com,East Shanefort,VI,2026-01-10,True
367,Ronald Burke,cindydixon@example.org,Sandrashire,CA,2025-06-28,False
368,Carlos Smith,mserrano@example.org,South Rachel,PA,2025-01-31,True
369,Kim Goodwin,olsondavid@example.net,Port Erikachester,NC,2025-11-23,True
370,Andrew Moreno,shawnaolson@example.com,Briannashire,CT,2025-11-27,False
371,John Hall,campbellnancy@example.com,Jacobtown,OK,2026-02-10,False
372,Adam Pena,robert12@example.com,Joseside,NE,2026-03-15,True
373,Donald Becker,robertbowers@example.com,West Angie,NJ,2025-07-17,False
374,Laura Schroeder MD,melissahopkins@example.net,South Krista,GA,2025-03-19,False
375,James Morgan,martintamara@example.org,Port Dustinchester,CO,2025-02-19,True
376,Jacob Lynch,zarias@example.net,Jenniferton,WI,2025-05-17,False
377,Jessica Harris,james98@example.net,New Gavin,AZ,2025-10-07,False
378,Aaron Moore,kimberly56@example.com,New Alexis,VT,2025-02-23,False
379,Krista Barber,michael43@example.net,South Sarah,OK,2025-01-04,False
380,Jason Rodriguez,gordonmatthew@example.org,Nancyshire,KS,2025-12-10,False
381,Kristine Carrillo,susan77@example.net,South Darrenland,MS,2026-05-08,False
382,Connie Haynes,robert58@example.net,Lake Marilynbury,LA,2025-03-14,True
383,Paul Peterson,thomasgomez@example.net,Ianborough,NM,2025-06-05,True
384,David Baker,jameswright@example.net,Ericville,DE,2025-03-02,False
385,Mary Austin,charlesnathan@example.com,Villanuevashire,VI,2025-08-02,False
386,William Moon IV,karenanderson@example.net,Mendozaside,AZ,2026-01-26,True
387,Scott Parsons,sbray@example.net,Stewarttown,AL,2026-06-08,False
388,Kevin Nguyen,jacob43@example.com,Mullenmouth,MN,2025-05-23,False
389,Mr. Michael Watson PhD,shannon92@example.net,Port Cory,KY,2025-07-03,True
390,Selena Gonzalez,thomassmith@example.com,Taylorhaven,ND,2025-09-03,False
391,Elizabeth Hart,rosshannah@example.org,Port Jonathan,MP,2026-05-05,False
392,Patrick Green,ann45@example.org,Martinezborough,OK,2026-03-24,True
393,Kimberly Krause,michael87@example.net,Prestonfurt,RI,2025-08-11,False
394,Tyler Oneill,robert99@example.com,North Fernandobury,MD,2025-09-04,False
395,Michelle Jacobs,cnelson@example.com,Gutierrezburgh,PR,2025-01-18,False
396,David King,clarkrandy@example.org,South Amytown,WI,2025-11-05,False
397,Whitney Garcia,christopherhuynh@example.com,Jeromeport,NV,2026-05-02,False
398,Joseph Jackson,alvaradomichelle@example.com,Mcdonaldside,KY,2026-03-03,True
399,Wayne Wolfe,brittanybryant@example.net,Millsside,ME,2025-09-27,False
400,Mr. Brandon Parker,tgreen@example.org,New Lisaberg,MI,2025-08-11,True
401,Adam Weeks,xevans@example.com,Carlatown,OH,2025-10-18,True
402,Stephen Kim,frankmclaughlin@example.com,Walkerland,NE,2026-05-01,False
403,Phillip Kent,justin84@example.com,Port Casey,DC,2025-08-13,False
404,Jesse Chavez,blopez@example.org,New Andrewville,LA,2025-07-29,True
405,Jeffrey Smith,hernandeztristan@example.com,Collinsfort,MN,2025-12-27,True
406,Amanda Miller,brianrowe@example.org,Whiteview,GU,2025-10-24,False
407,Barbara Tate,paulproctor@example.org,East Stevenville,NC,2026-06-02,True
408,Mrs. Melanie Collins,eric08@example.net,West Timothyport,ID,2025-10-07,True
409,Sharon Robinson,youngryan@example.org,Port Joshua,DE,2025-11-04,True
410,Alexa Williams,jbarker@example.com,East Ericland,TX,2026-04-26,True
411,Wayne Malone,browndeanna@example.net,East Tonymouth,OH,2026-05-16,True
412,Renee Gonzales,andrewgray@example.net,West Rachel,NM,2025-12-06,True
413,Kimberly Henry,amymorris@example.com,Mikaylaside,GA,2025-02-23,False
414,Joanna Weiss,shawn86@example.net,North Christine,MN,2026-04-27,True
415,Nathan Barrett,rlee@example.com,New Justin,MT,2026-05-13,False
416,Brent Hopkins,conleydavid@example.org,North Todd,CT,2025-01-25,False
417,Sara Barrett,brandon39@example.net,North Sarahborough,SD,2026-01-17,True
418,Sandra Mcdonald,wardjulia@example.com,Lauraton,GU,2026-04-25,False
419,Andrew Jones,christian38@example.org,Lake Jerryfurt,ID,2025-05-31,False
420,Danielle Garrett,angelagrant@example.net,Port Daniellestad,TX,2025-12-23,False
421,Jessica Garcia,andreawagner@example.net,New Yesenia,NV,2025-10-01,True
422,Krista Shea,robert65@example.net,New Amy,MS,2026-03-04,True
423,Dawn Nixon,amoyer@example.net,West Caitlinhaven,DC,2025-08-23,True
424,William Lewis,andrew48@example.net,North Benjamin,MI,2025-05-02,True
425,Jacob Perkins,jonathanevans@example.net,Carrollborough,VA,2025-03-01,False
426,Rebecca Thompson,larsonkevin@example.net,Millerton,PW,2025-09-17,True
427,Robert Butler,kanejeremy@example.net,Lake Kimberlyfurt,AR,2025-08-25,True
428,Emma Cunningham,wayne32@example.org,Maddoxshire,NY,2025-03-11,False
429,Dylan Foster,matthewalvarez@example.net,New Raymondland,MO,2026-01-25,True
430,Michael Gill,fhansen@example.com,New Christina,WA,2026-02-12,True
431,Benjamin Frank,gail91@example.org,Hendersonstad,ID,2025-09-07,True
432,Matthew Carrillo,vanessajensen@example.com,South Brady,GU,2025-07-01,False
433,James Todd,rodriguezbrian@example.net,Port Marissa,LA,2025-01-11,True
434,Robert Torres,njohnson@example.net,East Amy,WV,2025-07-20,False
435,Lisa Gay,bennettrebecca@example.net,West Georgeport,ID,2026-04-25,False
436,John Landry,pricejoseph@example.net,Michelletown,LA,2026-05-20,False
437,William Romero,mckeetodd@example.net,East Jamesmouth,OH,2025-01-17,False
438,Thomas Torres,klong@example.org,Gabriellestad,SC,2025-08-23,False
439,William Mason,garrettnatasha@example.org,Jeremiahmouth,MH,2025-11-02,True
440,Anita Reyes,robertberry@example.com,Reneemouth,NV,2026-02-26,False
441,Matthew Carpenter,michelleparker@example.net,South Wendy,WI,2025-04-23,False
442,Krystal Moore,grantstacy@example.org,West Mary,FL,2025-01-23,False
443,Sheryl Gutierrez,vturner@example.net,Edwinborough,CT,2025-04-13,True
444,Phillip Salazar,catherine93@example.net,East Grace,MI,2025-03-03,False
445,Karen Shaw,xjoseph@example.org,Henryberg,GA,2025-05-31,False
446,Jason Novak,stephanie33@example.org,East Saramouth,VI,2026-04-25,True
447,Frederick Ellis II,mparsons@example.net,Cortezfurt,RI,2026-03-21,False
448,Kelly Liu,meyershannon@example.org,New Amanda,WA,2025-01-31,False
449,Kelli Mccoy,leescott@example.com,Stevenchester,LA,2026-04-22,True
450,Melissa Mckee,cgallegos@example.org,East Kimberlyside,DC,2025-11-02,False
451,Jerry White,nicoledavis@example.com,Lake Jessica,CO,2025-03-30,True
452,Madison Miller,gacosta@example.net,South Andrea,AZ,2025-05-13,False
453,Krystal Keller,fernandothomas@example.net,South Kylemouth,LA,2026-05-02,False
454,Steven Horne,deanjohnny@example.com,Foleyside,AS,2025-01-05,False
455,Katherine Robinson,cchavez@example.org,East Nicoleview,RI,2026-05-04,True
456,Samantha Williams,brianbailey@example.org,Lake Belindaport,MA,2025-03-10,True
457,Jason Thompson,cheryl99@example.net,South Kara,MN,2025-01-28,True
458,Edwin Richardson,wwilkins@example.com,West Thomasville,UT,2025-08-02,True
459,Jason Clark,cherylrodriguez@example.net,South Jenniferport,NE,2026-04-18,False
460,Debbie Andrews,sara99@example.com,Vasquezburgh,FM,2026-04-19,True
461,Dylan Lee,johnsoncolleen@example.org,Port Christina,MT,2025-11-18,True
462,Gregory Shaffer,alexharris@example.com,Kristyport,ME,2026-01-29,True
463,Pamela Wilson,matthew99@example.org,East Mark,MA,2026-06-07,False
464,John Johnson,timothyburton@example.net,Stevenchester,WA,2025-02-13,False
465,Elizabeth Hardy,angela03@example.net,Laurenstad,CA,2025-04-26,False
466,Andre Terrell,ashleyprice@example.net,Port Kimberlyport,VT,2025-09-02,False
467,Denise Miller,nathangallegos@example.com,New Kevin,DE,2025-10-18,False
468,Paula Gentry,zhunter@example.com,East Matthew,NJ,2026-02-11,True
469,Garrett Hammond,shortsharon@example.net,East Jenny,NH,2025-10-29,True
470,Kelly Smith,mcdanielbrooke@example.org,Steventon,CT,2026-02-09,False
471,Nichole Johnson,danielle35@example.org,West Joshua,MD,2025-12-09,False
472,Denise Moore,smithcindy@example.net,East Amyside,MD,2025-07-30,True
473,Michael Campbell,georgecollins@example.com,Williamstown,NJ,2026-06-09,False
474,James Miller,mwhite@example.net,Jensenport,MA,2025-06-03,False
475,Megan Ferguson,fbradley@example.net,Davisport,TX,2026-05-16,True
476,Julie Hall,douglashuang@example.com,Philipmouth,WY,2025-09-10,False
477,Andre Alvarez,timothy24@example.com,New Dakota,GU,2025-03-25,False
478,Matthew Sparks,amorales@example.org,New Erik,NJ,2025-10-26,False
479,Daniel Benson,bmueller@example.net,Amybury,HI,2026-05-30,False
480,Nancy Joseph,mwilson@example.com,Angelamouth,HI,2025-08-28,True
481,Andrea Rodriguez,pmurphy@example.net,North Jeffberg,FM,2026-03-28,False
482,Makayla Smith,donnachavez@example.com,Gilbertmouth,ID,2025-06-09,True
483,Emily Hudson,samantha65@example.org,New Valeriefurt,PR,2025-04-10,False
484,Amy Santana,smithann@example.com,Port Juliantown,IA,2025-12-02,False
485,Jennifer Flores,bsullivan@example.net,Lake Glenn,DC,2025-05-27,False
486,Sarah Ward,qmoore@example.org,North Charles,AK,2025-04-22,True
487,Katelyn Kim,christophermay@example.com,Englishchester,RI,2025-05-20,False
488,Jeff Wilkins,lkelly@example.com,New Tyronebury,VT,2026-01-25,False
489,Timothy Johnston,goodashley@example.net,Danielfort,UT,2025-03-04,False
490,Nicholas Terrell,steven18@example.net,East Thomasland,TX,2026-05-08,True
491,Lauren Austin,amanda07@example.com,Berrymouth,MT,2025-10-02,False
492,Rebecca Roberts,nealcarla@example.com,Bryanfort,OR,2025-05-12,True
493,Mary Carter,mitchellchristopher@example.net,Port Kristenview,DC,2026-04-24,True
494,Scott Smith,munozrenee@example.net,Lake Sean,AS,2025-05-17,False
495,Michael Washington,cooperchristopher@example.org,Port Tyler,MT,2025-10-25,True
496,Jeremiah Walsh,beckywilkinson@example.org,Karlaville,AR,2025-05-11,True
497,John Alvarez,noahthornton@example.com,Dustinchester,AL,2025-08-13,False
498,Joan Gregory,davisamanda@example.com,Bishopview,MA,2025-07-29,True
499,Brett Pena,rmurray@example.net,Lake Emily,WI,2025-06-01,False
500,Megan Kaiser,amy01@example.org,Davisville,TX,2025-12-13,True
501,Nicholas King,johnsonchristopher@example.net,New Danielle,VT,2025-04-04,True
502,Larry Bennett,pauladominguez@example.com,Stevenland,SC,2025-12-19,False
503,Destiny Simmons,jonathan14@example.org,Priceton,KS,2025-07-25,False
504,Benjamin Krause,chelseywhite@example.com,East Amberchester,IL,2026-04-22,False
505,Susan Baldwin,johnsonchad@example.net,Kimberlytown,MH,2026-01-22,True
506,Martin Fitzpatrick,sadams@example.com,Andrewshaven,VT,2026-01-17,False
507,Jared Luna,fernandezaaron@example.net,Martinezside,MI,2025-09-16,False
508,Jennifer Chen,diazmelissa@example.com,Port Steveport,SD,2025-06-07,False
509,Andrew Cruz,kentprice@example.org,Tommouth,WA,2025-05-28,False
510,Corey Cortez,tracybrown@example.net,Victormouth,AK,2025-01-29,False
511,George Le,zwilson@example.net,Bentleyside,FL,2026-03-26,False
512,Benjamin Moss,evaldez@example.net,East Jacquelineberg,AL,2025-05-14,False
513,Summer Hoover,bryantgeorge@example.net,Port Lisaville,NM,2026-04-08,True
514,Connie Brock,vrogers@example.net,Nguyenshire,ND,2025-04-17,False
515,Vincent Lewis,watkinsmatthew@example.org,Donaldchester,GA,2025-10-15,True
516,Jessica Frost,andersonkylie@example.net,Stricklandtown,FM,2026-01-14,True
517,Adam Howe,robert72@example.org,Lake Joseph,NV,2025-11-17,False
518,Christopher Holt,jennifersalazar@example.org,Michaeltown,OH,2025-07-03,True
519,William Davila,michelle88@example.org,Townsendborough,KY,2025-02-11,True
520,Robert Jennings,kjimenez@example.net,North Deannaport,IL,2025-12-04,True
521,Luis Wu,vwilliams@example.org,East Kristen,NM,2026-02-04,True
522,Steven Griffith,robert53@example.org,Jeremybury,WA,2025-11-17,True
523,Jaime Walker,drichards@example.com,East Sarah,NH,2025-05-19,True
524,Chad Cortez,theresa35@example.org,Lake Ashleyview,DC,2025-03-28,True
525,Judy Jackson,jeffrey49@example.org,New Tara,PR,2025-06-28,True
526,Scott Burns,brittanyhood@example.com,Lake Ronniebury,IA,2025-09-12,True
527,Daniel Pennington,robinvillanueva@example.com,North Vickiehaven,AZ,2025-11-27,True
528,Karen Yates,chavezjohn@example.net,Lake Jessicaborough,DC,2025-10-06,False
529,Matthew Davis,kcaldwell@example.net,Hodgeshire,AK,2025-12-20,True
530,Charles Warner,kristywood@example.com,Port Courtneyfurt,MH,2026-06-21,True
531,Andrew Simmons,helen98@example.net,Port Gail,RI,2025-09-18,False
532,Amy Dougherty,pamela16@example.com,Harveystad,MN,2025-05-17,False
533,Michele Castro,devonrogers@example.net,Lake Timothyshire,VI,2025-06-12,False
534,Paige Flores,wesley64@example.org,West Michaelfort,NY,2026-02-14,True
535,Julie Patel,shannon51@example.org,Millerfurt,MH,2025-05-19,True
536,Tyler Rodriguez,daniel27@example.org,New Stephanie,AK,2025-08-16,True
537,Michael Huynh,creed@example.net,West Jaimetown,VI,2025-06-30,False
538,Kelly Rogers,diana57@example.net,Ellisshire,DC,2025-08-27,True
539,David Washington,kayla02@example.com,Stephenburgh,RI,2025-05-05,True
540,Dominique Mcpherson,evanwilson@example.com,South Jorge,HI,2025-06-09,False
541,Amanda Stewart,earl78@example.org,Davidtown,MO,2026-01-23,False
542,Theresa Reilly,adamrodgers@example.net,Deborahport,NJ,2025-08-14,False
543,Nicole Mcknight,laurenchandler@example.com,Hannahfort,MH,2025-02-01,True
544,Juan Parker,owilliamson@example.com,Christopherton,PA,2026-05-14,True
545,Joseph Harrington,james18@example.com,New Prestonfort,MD,2026-04-14,True
546,Terri Kerr,raymond65@example.com,Alexanderstad,MI,2025-08-28,True
547,Shelly Miller,afigueroa@example.com,Frankchester,VA,2025-11-18,False
548,Kevin Miller,kevinmcneil@example.net,Carlshire,WV,2025-10-19,True
549,Jason Rocha,dthompson@example.net,East Jacob,MS,2025-08-13,True
550,Amanda Mckenzie,troy73@example.org,East Josefort,DE,2026-05-23,False
551,Donna White,anthonyhubbard@example.com,New Julieshire,NJ,2026-03-16,False
552,David Jennings,brooksjessica@example.org,Franciscoton,FL,2025-09-06,False
553,Michael Howard,nelsonrobert@example.com,West Kellyland,NY,2025-05-31,True
554,Catherine Davis,amybrennan@example.net,Josephstad,CT,2026-02-20,False
555,Samantha Smith,nathan76@example.com,North Jeffery,NY,2025-06-21,True
556,Rebecca Hansen,butlersabrina@example.org,North Timothy,ME,2026-06-21,False
557,Robert Preston,gerald40@example.net,East Davidberg,UT,2025-06-25,False
558,Daniel Zavala,yvazquez@example.org,North Kimchester,AZ,2025-06-02,True
559,Ricky Palmer,harrisonrebekah@example.org,West Elizabethville,WY,2025-04-07,False
560,Christine Santana,ellenjohnson@example.org,Stacystad,MI,2025-05-05,False
561,Phyllis Austin,garciabelinda@example.org,Lake James,LA,2025-05-14,False
562,Kimberly Beltran,glasssamantha@example.net,Richardsonshire,HI,2025-12-08,True
563,Ashley Davenport,gcoleman@example.org,Rodriguezmouth,DE,2025-12-28,False
564,Chad Farmer,angela01@example.com,Wilsonport,NH,2026-04-12,True
565,Melissa Randall,angelaroberts@example.com,Port Chad,MP,2026-01-05,False
566,Holly Smith,zpowers@example.com,North Douglasfurt,UT,2026-04-04,False
567,Natalie Stafford,calvinhester@example.com,New Megan,MO,2025-04-06,False
568,Jeff Porter,katelyn65@example.com,Archerhaven,KY,2025-04-25,False
569,Ashley King,ihall@example.org,Lake Brianland,NM,2026-06-11,False
570,Christopher Jacobs,eric99@example.org,Lake Karenfort,WY,2025-12-28,False
571,Matthew Henry,amy88@example.org,South Nicoleville,MS,2025-12-16,True
572,James Stevens,thompsondonna@example.com,South Ryan,ME,2025-10-30,True
573,Mr. Michael Keller,kalvarez@example.net,South Joseshire,MS,2026-04-25,False
574,Pamela Mitchell,johnsonbrandon@example.com,Lisashire,AK,2026-05-01,False
575,Brent Reed,robert03@example.org,Lake Larry,CO,2026-06-19,True
576,Eric Morgan,ryanbenjamin@example.net,Bradleychester,KY,2025-01-16,False
577,Leah Odom,uhudson@example.net,Port Tracyborough,MA,2026-01-21,False
578,Pamela Morgan,michael63@example.com,Port Melissaborough,LA,2025-07-25,False
579,Zachary Morales,claudiarubio@example.net,New Matthewland,OK,2026-02-17,True
580,Daniel Flynn,william46@example.net,Jamesfurt,KS,2026-05-01,False
581,Megan Kelley,burtonzachary@example.org,Lewismouth,KY,2026-05-11,False
582,Lisa Hammond,umichael@example.net,New Jamesmouth,FL,2025-07-06,True
583,Michael Evans,ejenkins@example.net,Port Robert,GU,2025-08-11,False
584,Dawn Burke,jallen@example.org,East Lauraport,NH,2026-01-13,True
585,Jessica Lucas,harrisjoseph@example.org,Kristineview,TN,2026-03-04,False
586,Samuel Stuart,dcasey@example.org,Carolynland,MH,2025-11-13,False
587,Megan Blackwell,uhahn@example.org,North Ashley,NY,2025-04-04,False
588,Sandra Herring,tyler13@example.net,Port Lindsaymouth,MP,2026-03-30,False
589,Renee Manning,grobinson@example.org,West Scott,KS,2026-04-03,False
590,Joseph Lyons,stewartrodney@example.net,West Natasha,FL,2025-10-09,True
591,Jacob Parker,skinnereileen@example.org,West Angela,ME,2026-05-12,True
592,Heidi Burnett,nicholsjoel@example.com,Smithfurt,PW,2025-07-18,True
593,Timothy Sherman,jason27@example.net,Natashachester,WY,2025-01-27,True
594,Bobby Chan,aruiz@example.com,Mcdowellville,GU,2025-05-05,False
595,Katie Bell,shawn00@example.net,Lake Scott,SD,2025-04-16,False
596,Curtis Torres,rodriguezjohn@example.net,Port Brooke,MT,2025-09-06,True
597,Shane Anderson,graceserrano@example.com,North Robert,HI,2025-11-02,False
598,Theresa Wilkerson,andrewjohnson@example.net,North Terri,ID,2025-07-23,False
599,Caroline Morales,jburke@example.org,Georgeshire,DE,2025-01-11,False
600,Jessica Mora,fwilcox@example.org,Lake James,VI,2025-07-26,True
601,Johnny Anderson,carolcarney@example.com,South Henry,WY,2025-04-24,True
602,William Young,xsolomon@example.net,Millerfort,DC,2025-09-09,False
603,Jennifer Lewis,verickson@example.net,Charlesside,AR,2025-02-10,True
604,David Odonnell,smithwilliam@example.com,Tiffanystad,DC,2026-03-11,False
605,Christopher Jackson,dconrad@example.org,West Jenniferchester,FL,2025-07-22,True
606,Andrew Anderson,julie64@example.com,Zacharychester,MH,2025-05-09,False
607,Zachary Gallagher,angelalivingston@example.net,Brownberg,AR,2025-06-28,False
608,John Martin,fgraham@example.org,Kellyside,NM,2025-12-22,False
609,Ryan Camacho Jr.,harrisjustin@example.org,Annashire,IL,2026-03-30,False
610,Mrs. Pamela White DVM,kaylarhodes@example.com,West Erinville,MO,2025-10-18,False
611,Tiffany Hood,anthonystevens@example.net,Gibsonview,PA,2026-05-27,False
612,Wayne Douglas,unguyen@example.net,East Michelle,AS,2026-05-15,False
613,Robert Manning,qdavis@example.org,Port Michelle,CO,2025-01-16,False
614,Carla Chan,deborah21@example.com,Owenport,MH,2026-06-17,False
615,Heather Davis,william77@example.com,Adamschester,CO,2025-11-25,False
616,Lisa Hamilton,gdavis@example.com,Rhodesberg,NM,2026-02-14,False
617,Kelly Roberts,zmiller@example.com,Edgarberg,TX,2025-08-22,True
618,Kelly Phillips,arnoldsamantha@example.net,New Rogerville,NH,2026-05-29,True
619,Robin Kelly,mackallen@example.net,Whiteburgh,MP,2025-11-02,True
620,Jason Bush,brenda77@example.net,Matthewburgh,IL,2025-05-24,False
621,William Green,hamiltonandrew@example.com,North Georgefort,NH,2026-06-22,True
622,Matthew Garner,nturner@example.com,Ballardland,DC,2025-04-15,True
623,Brian Smith,micheleclark@example.net,Lake John,MP,2026-05-02,True
624,Kimberly Miller,bhernandez@example.org,East Rachelmouth,NM,2026-01-02,True
625,Jerry Sanchez,ashley60@example.com,North Crystalchester,MT,2026-01-21,False
626,Linda Spencer,benjamin67@example.net,Hallton,NC,2025-01-15,False
627,Ethan Brown,hsmall@example.com,Shanechester,AK,2025-05-06,False
628,Corey Cooper,williammatthews@example.net,Sandramouth,DC,2025-08-16,True
629,Jeanette Butler,laura29@example.org,Hannahland,TN,2026-01-11,True
630,Curtis Obrien,leonsherry@example.com,Jimmyside,AR,2025-01-15,False
631,Dean Rhodes,mariakline@example.org,West Ryanbury,DE,2026-03-13,True
632,David Peterson,kayla84@example.org,Lake Brentmouth,AS,2025-12-22,False
633,Nicole Villegas,colonbobby@example.org,Lake David,IL,2025-10-08,True
634,Edgar Alexander,goconnor@example.org,Matthewberg,DE,2025-06-06,False
635,Jason Mack,marywells@example.com,North Joseph,VT,2025-11-19,True
636,Maurice Hernandez,icobb@example.com,Hardinmouth,PR,2026-02-05,True
637,Heidi Johnson,kaylarobbins@example.net,North Matthewfurt,WI,2025-05-08,False
638,James Johnson,rachelbrown@example.net,Robertside,VI,2025-08-25,True
639,Emily Cooper,rachel92@example.net,Griffinborough,FM,2026-02-27,True
640,Lisa Ramos,pam63@example.com,North Amandafurt,VA,2025-04-08,False
641,Kimberly Lewis,adrienne20@example.org,Johnport,VA,2025-11-25,True
642,Mrs. Amy Watson,david17@example.com,South Matthewbury,AS,2026-03-28,False
643,Stephanie Burton,michaelmitchell@example.net,Lake Nicholas,WA,2025-07-12,True
644,Jose Lee,shawn26@example.com,North Bryanberg,NJ,2025-06-16,True
645,Jacob Fox,lwiggins@example.com,Barajasfort,VA,2025-11-20,False
646,Brianna Martinez,tanderson@example.net,Lake Jasonfort,AZ,2025-05-02,False
647,Jaclyn Crane,xrodriguez@example.net,Billyberg,DE,2025-10-16,False
648,James Carter,moodydouglas@example.net,Williamsport,FM,2025-08-09,False
649,Robert Burns,kelleycarlos@example.org,Olsonport,OK,2025-12-18,False
650,Rachael Alvarez,kathleenwagner@example.com,Contrerasberg,VI,2025-09-10,True
651,Mario Hanson,zhall@example.com,Lake Pamelaview,SD,2025-03-10,True
652,Michelle Armstrong,ann18@example.org,New Amber,WV,2025-02-11,False
653,Kelly Christensen,martinezsharon@example.org,West Kristinbury,MP,2026-03-27,False
654,Robert Lawson,fchapman@example.org,Samuelchester,AK,2026-02-15,True
655,David Wilson,weaverjustin@example.org,Kaylaberg,ME,2025-11-13,True
656,Amy Woodward,anthonybrown@example.com,West Douglasmouth,KS,2025-10-19,False
657,Stephanie Williams,karenwillis@example.com,Averyview,AR,2025-09-05,False
658,Jason Washington,bschultz@example.com,East Kathrynberg,ME,2026-03-18,True
659,Bradley Fields,kristathomas@example.net,Port John,NE,2026-03-08,True
660,Aaron Marshall,denise20@example.org,Nelsonview,MP,2026-06-13,True
661,Gregory Chen,brandon89@example.org,Christopherville,MP,2025-04-19,True
662,Yvonne Johns,cherylbernard@example.com,Cynthiamouth,KY,2025-07-11,False
663,Erica Clark,allen20@example.net,Smithtown,TX,2025-05-15,True
664,Steven Warner,ymedina@example.net,New Anthonymouth,TX,2025-04-06,True
665,Robert Carey,paul01@example.com,Sharonmouth,AL,2025-06-22,True
666,Olivia Becker,james94@example.net,East Tina,MN,2025-01-29,False
667,Tanner Mann,adrianjoyce@example.net,Rodriguezview,OK,2026-01-24,True
668,Juan Keller MD,cameronanderson@example.org,West Sarah,PR,2025-06-27,False
669,Monica Hill,braunheather@example.net,Erinmouth,AL,2025-11-28,False
670,Terri Williams,ryan64@example.org,Simpsonhaven,WV,2025-02-03,False
671,Courtney Ramirez,upatel@example.org,Leeland,FM,2026-03-21,False
672,Wanda Perez,prosario@example.org,West Lance,SC,2026-05-01,False
673,John Morton,mary31@example.com,West Marissa,GU,2025-09-17,False
674,Cynthia Jones,oduran@example.com,North Territon,MS,2025-09-01,True
675,Melissa Patton,ellisonscott@example.com,Joneston,OH,2025-02-10,True
676,James Davis,mhall@example.net,South Patrickchester,FM,2026-04-27,True
677,Gina Pace,gibsonmark@example.org,North Alexanderland,OR,2025-05-31,True
678,Beth Hicks,robert97@example.org,East Laura,AR,2025-04-10,False
679,Jeffrey Moyer,larry82@example.org,Parkermouth,LA,2025-10-14,True
680,Kelly Sandoval,brianhunter@example.net,South Mauriceborough,SC,2025-06-06,True
681,Gloria Contreras,vgreene@example.net,Christinachester,MA,2025-05-07,True
682,Shawn Lozano,arobinson@example.net,Lake Jerry,RI,2025-06-15,True
683,Nicholas Cisneros,lindsay63@example.com,Port Veronica,MN,2025-01-08,True
684,Alvin Wilson,scott95@example.org,East Jamesburgh,IN,2025-07-23,True
685,Gina Spencer,jamesthompson@example.com,North Marieberg,MS,2026-05-24,True
686,Ashley Boyle,stephen55@example.net,New Tiffany,RI,2025-12-03,False
687,Ana Thomas,lauralee@example.com,Louischester,SC,2025-07-09,False
688,Pamela Matthews,kristine53@example.org,Moniquehaven,OR,2026-01-15,False
689,Brad Ruiz,jacksonpaul@example.net,Victormouth,HI,2025-09-07,False
690,Kelly Webb,lwells@example.com,East Jeffreyborough,NV,2025-07-02,True
691,Eric Oneal,selenabrooks@example.net,East Karenport,NV,2026-02-07,True
692,Kevin Marshall,ronald76@example.com,Lindamouth,KY,2025-10-24,False
693,Jeremy Baker,howardchristopher@example.net,Port Joshuabury,CT,2025-04-03,False
694,Andrew Gonzalez,emilywright@example.net,Jamesberg,PR,2026-02-26,False
695,Alexa Evans,krista66@example.net,South Destinyberg,VI,2025-11-05,True
696,Nathaniel Clark,zacharyhartman@example.com,Petersonland,MD,2025-05-26,True
697,Tom Butler,jcole@example.org,Donberg,ME,2025-01-08,False
698,Mr. Henry Perez MD,sfarmer@example.net,Marktown,OK,2025-01-26,True
699,Brittany Cisneros,ashley99@example.net,Bairdborough,MO,2025-02-19,False
700,Chelsea Rodriguez,tfowler@example.org,North Emily,HI,2025-01-25,True
701,Lindsey Johnson,chadmccarty@example.com,East Kelly,NC,2025-02-24,True
702,Jacob Smith,michele66@example.org,East Amandafort,WA,2025-02-23,True
703,Steven Clark,kylemeyers@example.net,Mooreshire,ME,2026-04-02,False
704,Mitchell Stevens,adrianthomas@example.org,Jacobsbury,NC,2025-09-13,True
705,Sherry Stevens,mclaughlinkeith@example.com,Isabellaport,MO,2026-04-22,True
706,Sarah Perry,rachelquinn@example.com,Bartlettburgh,UT,2026-03-18,True
707,Michael Williams,joshuafuller@example.com,Lake Jessicaborough,PW,2026-01-19,True
708,Philip Martinez,charles18@example.com,Hayesview,IL,2026-01-29,False
709,Alexander Fowler,vjames@example.com,South Benjamin,KS,2025-03-31,False
710,Breanna Santiago,ewashington@example.org,Lake Stephanie,DC,2026-01-01,False
711,Sarah Jackson,lawsongregory@example.org,Jacksontown,TX,2025-08-01,True
712,Hunter Robinson,staffordamanda@example.com,Port Cynthiahaven,SD,2026-05-30,False
713,Stephanie Myers,scott90@example.org,Wangbury,MN,2025-07-05,False
714,Alan Johnson,rogersjames@example.net,East Susanville,AS,2026-05-31,False
715,Christopher Perry,ochoamarcus@example.net,New Jamie,ND,2025-11-03,False
716,Barbara Lewis,marcus06@example.net,Alexanderborough,NH,2025-06-20,False
717,Robert Santos,bradley36@example.com,Birdville,VT,2026-02-21,False
718,Tammy Carroll,susan95@example.net,Gregoryberg,MA,2025-05-17,True
719,Stacey Stewart,bjones@example.net,Reyesbury,NY,2026-04-02,True
720,Alexis Smith,parkerjoann@example.org,North Devinfort,LA,2025-06-06,False
721,Dan Johnson,vstevenson@example.org,Lonnieton,NC,2025-11-19,False
722,Donna Johnson,matthew38@example.org,Port Grace,VA,2025-06-22,False
723,Jane Morris,esoto@example.com,East Brettberg,IL,2025-04-08,True
724,Kevin Guerra,joelmiller@example.net,Collinsborough,IA,2025-11-26,True
725,David Mitchell,mfaulkner@example.com,Millerstad,MO,2025-10-21,True
726,Jeremy Wagner,ywolf@example.com,Port Patrickland,WV,2025-08-22,True
727,Brittany Barber,oscar47@example.com,Hartfort,CA,2025-09-16,False
728,John Moore,adamhensley@example.net,Travischester,MO,2025-10-17,True
729,Eric Archer,ortizbenjamin@example.org,Frederickburgh,ID,2025-12-05,True
730,Patricia Walton,william75@example.net,Lake Paulchester,WA,2025-07-11,False
731,Andrew Li,terrydeanna@example.com,Blackburnberg,KS,2025-07-12,False
732,Tiffany Skinner,wilsonchristopher@example.net,Sandersshire,MH,2025-03-04,False
733,Chelsea Henderson,tking@example.net,Willischester,WV,2025-03-11,True
734,Kenneth Salinas,josephclark@example.net,Haletown,GA,2026-01-17,False
735,Benjamin Horton,upena@example.com,East Nicholas,VT,2025-04-15,False
736,Christopher Fry,nbradley@example.org,North Karen,AS,2025-05-30,True
737,Steven Ortiz,oneillgabriel@example.com,South Davidland,MA,2025-01-24,False
738,Karen Chambers,smithjoseph@example.org,North Jasontown,MS,2026-04-14,False
739,Tonya Adams,vkennedy@example.net,Rogersmouth,MD,2025-07-06,False
740,Mary Gray,hestermorgan@example.org,South Monicafurt,VA,2025-04-18,False
741,Bryce Schmidt,miguelmontgomery@example.net,Robertsonborough,AL,2026-05-11,False
742,Robin Smith,morgan57@example.org,Rossland,MI,2025-11-29,True
743,Teresa Alvarez,navarrokelly@example.org,Port Abigail,OK,2026-01-27,True
744,Jonathan Miller,cjackson@example.org,Batesbury,IA,2025-06-14,False
745,Tony Graves,grahamjennifer@example.org,Ravenview,IN,2025-07-20,False
746,Tiffany Lambert,sandraschultz@example.com,Port Heatherbury,OK,2026-04-12,False
747,Greg Kent,yvaldez@example.net,Stokesbury,KS,2025-03-31,False
748,Brian Peterson,juliewilson@example.com,Port Lawrence,MS,2026-03-25,False
749,Emily Lawrence,melaniewhitney@example.com,Laurenberg,NC,2026-05-31,True
750,Courtney Foster,sstewart@example.org,Frazierberg,PA,2025-08-09,False
751,Maurice Solis,georgekyle@example.net,West Wendyshire,NJ,2026-05-06,True
752,Kathleen Padilla,zbrown@example.com,Port Jennifer,PR,2025-06-24,False
753,Amy Grimes,melissaluna@example.com,North Amy,MA,2025-11-25,False
754,Wanda Todd,ujones@example.com,Heatherborough,UT,2026-03-02,False
755,Carlos Goodwin,hornjenna@example.com,New Devin,UT,2026-01-10,True
756,Charles Robinson,jillsmith@example.net,Lake Kristenberg,MS,2025-11-28,False
757,Carol Brown,terri20@example.org,Brittneyberg,SC,2025-11-10,True
758,Bryan Sanders,hailey26@example.net,Port Stevenfurt,KY,2026-05-07,False
759,Holly Wilson,martinezdarlene@example.net,North Brenda,OK,2026-01-08,False
760,Patrick Bauer,patrickcooke@example.net,Evansberg,CT,2025-09-10,True
761,Terry Pope,richardhaynes@example.com,Brownshire,ND,2026-05-22,True
762,Paul Sheppard,whitecarol@example.org,New Sethmouth,DE,2025-01-31,False
763,Daniel Martin,melissa01@example.org,Michaelside,GA,2025-11-25,False
764,Mary Wright,shahapril@example.com,Taylorfort,UT,2025-09-01,False
765,Victoria Bell,haileybates@example.org,North Jacob,ME,2025-06-17,True
766,Lindsey Robinson,joshua96@example.org,Jorgeburgh,MO,2025-12-21,True
767,David Coleman,amandajones@example.net,Wandaborough,VT,2025-10-17,False
768,Maria Dixon,roberthernandez@example.com,Johnsonbury,CA,2025-07-29,True
769,Brian Kelley,murphychristopher@example.com,Dustinbury,KY,2025-01-08,False
770,William Walker,pattondavid@example.net,Briannafort,CT,2026-02-15,False
771,Kenneth Campbell,catherine02@example.com,Whiteside,OH,2026-04-07,False
772,Jennifer Vargas,albert82@example.net,East Nicholas,WA,2025-07-27,True
773,Nicholas Villegas,erikabarnes@example.com,South Valerie,AS,2025-12-31,True
774,Desiree Patterson,kevinhodge@example.com,Townsendland,SC,2025-03-03,True
775,David Davis,millerjustin@example.com,South Ericaberg,NJ,2026-01-22,True
776,Yolanda Barron,sullivanchristina@example.net,Lake Ronaldside,WA,2025-09-26,False
777,Patrick Tapia,lawsontami@example.net,East Charles,MP,2025-04-14,True
778,Tiffany Henderson,hjackson@example.com,Port Amber,WI,2025-04-02,False
779,John Baker,rojasashley@example.org,Sarahhaven,GU,2025-01-28,True
780,Stephanie Charles,kellychristina@example.com,Michaeltown,MI,2025-05-25,True
781,Adam Jordan,christopherrobertson@example.org,Martinezfort,AL,2025-05-01,True
782,Danielle Ruiz,kevin62@example.net,Danielmouth,TN,2025-12-08,False
783,Hector Hamilton,nicole31@example.org,Billyfurt,MT,2025-09-15,True
784,Caitlin Gonzalez,rmoyer@example.org,Burnsfort,AS,2026-06-14,True
785,Erika Duran,vshaw@example.com,North Susan,WY,2025-01-17,False
786,Gregory Smith,brettgallegos@example.com,South Timothyport,NM,2025-03-06,False
787,Danielle Hernandez,johnwang@example.com,Lake Lori,ID,2026-01-04,False
788,Rhonda Haynes,jacobbond@example.net,East David,MO,2025-01-30,False
789,Corey Thomas,jensenchristopher@example.org,Russellport,UT,2026-05-07,False
790,Courtney Simmons,hicksdawn@example.com,West Michaelstad,VT,2025-11-21,False
791,Steven White,williamsjulie@example.org,Thomasville,NE,2025-05-24,True
792,John Cook,davisalexander@example.net,West Michael,AS,2025-10-08,False
793,Leah Jacobs,debraclark@example.com,North Davidville,AZ,2026-04-01,True
794,Stacey Roth,janetschaefer@example.org,Kevinfort,WV,2025-06-06,False
795,Brittany Anderson,qpierce@example.net,Patriciamouth,SC,2025-04-02,True
796,Andrea Barnes,jacksonjoshua@example.org,Brandonshire,AR,2026-06-23,True
797,Robert Simpson,martinkaren@example.com,Moralesview,IL,2025-05-23,True
798,Kenneth Vargas,suarezkrystal@example.com,Kevinbury,LA,2025-07-28,False
799,Carolyn Williams,kellybowman@example.com,West Morgan,AR,2026-05-14,False
800,Wanda Clark,smithmichael@example.net,Markside,KS,2025-04-14,False
801,Logan Nguyen,garrettalex@example.com,Lake Tammy,HI,2025-07-18,False
802,Kimberly Irwin,sharphailey@example.net,Mollyside,IL,2025-12-10,True
803,Derrick Perkins,omoore@example.net,Richardsonfort,CO,2026-01-21,False
804,Cody Huffman,ashleyharding@example.org,Andrewburgh,FM,2025-05-19,False
805,Melissa Lopez,charlessanchez@example.net,Garciahaven,DC,2025-01-10,False
806,Jamie Smith,hinesdeanna@example.org,East Kayla,KY,2025-04-21,True
807,Linda Sparks,rosariodaniel@example.net,Melissaland,ID,2025-04-19,False
808,Mr. Jeremy Martin,timothy30@example.net,Courtneyville,AK,2025-02-04,False
809,Edward Hunt,othomas@example.org,South Paul,MI,2026-05-25,False
810,Thomas Cohen,vasquezvicki@example.org,West Michaelmouth,DE,2025-10-08,False
811,Tamara Huang,gregorymoreno@example.net,Lake Ronald,MH,2026-06-03,False
812,Lori Mitchell,nelsonvictor@example.com,Lisaland,WY,2025-01-02,False
813,Vanessa Strickland,lukemyers@example.net,Briggsville,OK,2025-11-29,False
814,Diana Davis,huntercruz@example.com,Colemanchester,PA,2026-05-10,True
815,Robert Valdez,patrickdunn@example.net,Patelbury,MS,2025-03-06,True
816,Jennifer Lane,jacquelineyoung@example.org,Port Andre,OH,2026-01-04,False
817,Tammie Brown,michael24@example.com,Port Melissa,PW,2025-11-24,True
818,Ronald Brown,daviddominguez@example.org,Quinnchester,MN,2025-02-12,False
819,Mary Jones,anthonydiaz@example.org,North Alexander,MP,2025-11-20,True
820,Clarence Manning,theodore57@example.net,West Danielton,FM,2026-05-15,False
821,Paul Gordon,sandersrodney@example.com,Samanthahaven,ME,2025-06-26,False
822,Christopher Dudley,ispence@example.net,South Christine,IN,2025-11-01,False
823,Paul Hansen,velasqueztaylor@example.com,Wilcoxburgh,AR,2025-10-16,False
824,Chloe Rodriguez,coxkimberly@example.com,East Julianside,CT,2025-02-20,True
825,Adam Browning,andrealittle@example.org,West Christopher,OK,2026-03-15,False
826,William Webb,edwardssherry@example.org,Karenfurt,NY,2025-06-01,True
827,James Kelly,jacquelinedavis@example.com,New Lindseyberg,AK,2026-04-02,True
828,Karen Melton,robertsedward@example.com,Lake Christopherbury,FM,2025-06-17,False
829,Martha Mack,victoriamason@example.net,Sethberg,MA,2025-08-14,True
830,Scott Jordan,nallen@example.net,East Ashleyfort,CT,2025-01-12,False
831,Seth Payne,portershawn@example.org,Evanview,OK,2025-10-10,True
832,Benjamin Page,escott@example.com,Santosberg,DE,2026-03-18,False
833,Jack Mitchell MD,scotthunt@example.net,Nathanielchester,NY,2025-12-16,True
834,Shawn Fleming,figueroajohn@example.net,East Melissaport,MS,2025-05-03,True
835,Sarah Walker,wcaldwell@example.com,Daymouth,CT,2025-03-08,False
836,Brian Moyer,mtate@example.com,Calebmouth,PA,2026-01-13,True
837,Patrick Wilson,jjohnson@example.com,Lake Jason,OK,2025-01-25,True
838,Patricia Brown PhD,nirwin@example.org,Port Andrew,WV,2026-06-16,False
839,David Thompson,chadsullivan@example.com,Savagehaven,IL,2026-06-05,False
840,Cathy Brown,wpeterson@example.com,East Michael,MT,2026-01-10,False
841,Michael Martin,sgomez@example.net,Morrowside,WY,2026-04-09,False
842,Nathan Lane,mariodowns@example.net,Alexismouth,FL,2026-01-23,True
843,Ashley Cordova,ubaker@example.org,Hardingberg,SC,2025-12-16,False
844,Laura Johnson,robertpayne@example.org,Robinsonborough,ID,2026-06-12,False
845,Alexis Cervantes,turnerkurt@example.org,Banksmouth,MT,2025-11-15,False
846,Ronald Simmons,daniel27@example.com,Gregoryburgh,ND,2025-12-05,False
847,Ryan Barker,swalters@example.net,North Lindaville,CO,2026-05-20,True
848,Timothy Garcia,schultzwesley@example.org,Melissaborough,IN,2025-12-20,True
849,Ashley Gates,belllaura@example.com,Odonnellfurt,AL,2025-10-18,True
850,Katie Adams,kyle63@example.org,Johnsontown,FL,2025-10-18,False
851,Kelly Figueroa,matthew96@example.org,Leefurt,MP,2025-02-10,True
852,Laura Anderson,lmadden@example.com,Zacharychester,IN,2025-03-19,True
853,Beth Wilson,ocameron@example.com,West James,CO,2025-01-20,False
854,Mark Watkins,montgomeryamy@example.org,Johnsonberg,NH,2026-05-08,True
855,Heather Allen,kennethnichols@example.org,Townsendton,KY,2025-03-06,True
856,Lori Little,rodriguezsara@example.org,East Justinburgh,CO,2025-03-02,False
857,Isaiah Massey MD,apope@example.org,Chungland,IL,2026-06-18,True
858,Steve Schultz,lstokes@example.com,East Donnaton,DE,2025-09-24,False
859,Karen Mendez DDS,aimeescott@example.org,New Anthony,AK,2026-02-07,True
860,Brittany Camacho,roachanthony@example.org,North Jessica,DC,2025-07-27,True
861,Curtis Davis,stuart76@example.net,Nielsenview,HI,2025-06-03,False
862,Stacy Campbell,ygarcia@example.net,Gabrielborough,VA,2026-01-14,True
863,Jeremy Carlson,lisa91@example.net,Pattersonshire,MI,2025-10-18,False
864,Sabrina Cole,rubiojohnny@example.com,Cassandrahaven,MI,2025-11-06,False
865,Christopher Morris,michaeljones@example.net,Nathanmouth,DE,2025-01-08,False
866,Adam Murphy,ubradley@example.org,South Justinborough,NC,2025-06-18,False
867,Donald Franklin,berrydebbie@example.net,Stewartmouth,ID,2025-06-03,True
868,Johnny Williams,robert17@example.org,Brittanybury,OK,2025-01-17,True
869,Mason Chase,buckjustin@example.com,New Samanthaton,MA,2026-05-16,False
870,John Gallegos,rcummings@example.com,Richardside,WI,2025-09-01,True
871,Anthony Evans DVM,hallison@example.com,North Jeffreytown,DC,2025-03-23,True
872,Shannon Ramsey MD,leerachel@example.com,Lake Mirandaview,FM,2025-02-03,True
873,Travis Jones,hailey64@example.net,East Brandy,DE,2025-04-09,True
874,Charles Silva,qwalsh@example.org,New Timothy,NM,2025-08-06,False
875,Nicholas Perez,katie15@example.net,Lake Deborah,PR,2025-06-09,True
876,Angela Simpson,alexanderrobinson@example.com,South Dan,IL,2026-04-04,False
877,Kayla Edwards,jeanette28@example.org,East Sabrina,MS,2025-12-18,True
878,Kayla Deleon,caseyhenderson@example.net,Stephanieshire,SD,2025-03-21,True
879,Shawn Mcgee,allenmurray@example.com,South Dorothymouth,MI,2025-07-26,False
880,Joshua Gomez,edwardshaw@example.net,Brianview,MN,2025-03-17,False
881,James Reilly,kellypowell@example.net,Alyssafort,NC,2025-12-03,False
882,Anthony Wright,robinsonbrian@example.org,Johnside,CT,2025-08-02,False
883,Manuel Baldwin,olong@example.net,Tylerburgh,WY,2025-06-08,True
884,Dwayne Carlson,daviswesley@example.net,Stevensonbury,GA,2025-09-02,False
885,Carol Cook,athomas@example.net,Pattersontown,HI,2025-07-24,False
886,Carolyn Wolf,wheelertara@example.net,South Morganfort,DE,2025-02-05,True
887,Latoya Mooney,aliciajackson@example.org,North Kevinmouth,NV,2026-01-17,True
888,Wanda Scott,dking@example.org,Kevinmouth,MH,2026-02-07,False
889,Shannon Barrera,rrodriguez@example.net,East Tiffanybury,TN,2025-04-21,False
890,Andre Lane,vhoward@example.org,South Danielle,KY,2026-05-02,False
891,Stephanie Cole,josephshelton@example.com,Lawrenceview,ME,2025-05-29,False
892,Joseph Cooper,hamiltonspencer@example.com,Danieltown,NM,2026-06-17,False
893,Michael Mills,cindy24@example.com,Calvinport,AL,2025-12-19,False
894,Douglas Watkins,freemanadam@example.com,North Johnstad,FM,2025-08-09,False
895,Kathryn Mullen,stephaniereeves@example.org,South Brenda,CO,2025-08-14,True
896,John Gomez,ghenderson@example.com,Carlaburgh,OK,2025-12-05,False
897,Erica Lane,johnbutler@example.org,Kevinport,OK,2026-05-04,False
898,Clifford Patton,hdavis@example.com,Williamstad,NH,2025-10-03,True
899,Jason Jenkins,gainesanthony@example.com,Port Donaldport,WY,2025-07-08,True
900,Jacqueline Oliver,brian62@example.com,South Lindseyhaven,NH,2025-02-12,False
901,Devin Andersen,cookconnor@example.com,Vaughnton,DE,2026-03-31,False
902,Nancy Brown,zacharyhart@example.com,East Patty,SC,2025-05-01,False
903,Eric Hays,shaffercindy@example.org,North Aaronville,NC,2025-03-17,False
904,Brian Johnson,hmyers@example.com,Webbburgh,GU,2025-07-02,True
905,Kimberly Underwood,nvillarreal@example.org,Thomastown,HI,2025-04-21,False
906,Mary Jackson,thomasroberts@example.net,New Trevorview,MO,2025-10-27,False
907,Ashley Butler,shernandez@example.com,New Pedroshire,ME,2025-01-27,True
908,Stephanie Harvey,odonnellmichael@example.org,Khanmouth,KY,2025-01-08,True
909,Mrs. Savannah Gordon,rachel86@example.net,East Dianastad,SD,2026-03-14,False
910,Mike Buchanan,kristen46@example.org,Bennettfort,PA,2026-05-27,False
911,Michael Hunter,david59@example.net,Breannafurt,CA,2025-02-04,True
912,Nicholas Hall,portererin@example.com,Port Lindsey,VA,2025-07-03,False
913,Spencer Chandler,acampos@example.org,New Johnton,PR,2025-02-26,True
914,James Welch,mcleanmanuel@example.net,Grayshire,OH,2025-06-05,True
915,John Shelton,jamesmartin@example.net,North Brandi,SC,2026-06-04,False
916,Andrew Taylor,wardricky@example.net,West Jacobhaven,NM,2025-05-28,True
917,Laura Wells,michael82@example.org,Pattersonfurt,VI,2025-02-25,True
918,Bethany Holmes,wilsonjerry@example.net,Andrewport,MP,2025-07-15,True
919,Hunter Brennan,tammyjones@example.net,Port April,RI,2026-01-24,False
920,Luke Gardner,aguilarsharon@example.com,North Matthewview,ID,2025-09-17,False
921,Amy Harris,sandra03@example.com,Port Stacyton,MI,2025-02-24,True
922,Linda Salazar,claytimothy@example.org,Jenniferville,AZ,2026-01-21,False
923,Marie Reynolds,kimberly30@example.org,Port Kimberlyborough,ND,2026-04-18,True
924,Melanie Rojas,xwilliams@example.com,South Jacqueline,OH,2025-04-18,True
925,Bruce Gilbert,michael56@example.org,East Christopher,AL,2025-06-26,False
926,Paul Morton,ritteralexis@example.net,Port Brian,AR,2025-04-09,False
927,Douglas Edwards,whitneyanderson@example.com,Sandovalland,CA,2025-07-14,False
928,Christine Thornton,priscilla37@example.net,Shellyside,LA,2026-05-23,True
929,Steven Flores,brownrachel@example.net,Ramirezborough,PW,2025-04-17,True
930,Kelly Torres,davidhardy@example.org,East Hollymouth,DE,2025-01-17,True
931,Mr. Donald Cruz PhD,brownmelissa@example.com,Smithfurt,MS,2025-12-11,False
932,Daniel Lopez,qpatel@example.com,New Kathryntown,PW,2026-04-18,False
933,Gabrielle Clayton,lisa93@example.org,Jessicachester,VI,2025-11-29,True
934,Tanya Goodwin,transtephanie@example.net,Micheleside,NH,2025-11-26,False
935,Laura Stone,susanmcdonald@example.org,North Juan,TX,2025-08-02,False
936,David Daniels,ashley09@example.com,Josephview,WY,2026-05-23,False
937,Lisa Martinez,mary27@example.com,South Alanton,MI,2026-01-08,False
938,Kristin Ortiz,hillcheryl@example.com,South Hectorview,KS,2026-01-20,True
939,Mark Thomas,halldiamond@example.org,Rileyton,OH,2025-06-27,False
940,Miguel Green,allen58@example.net,New Jimmyville,CA,2026-01-29,True
941,Jorge Young,ashley61@example.net,Liuberg,AK,2025-09-11,True
942,Heather Hester,thomas49@example.org,West Bradley,FL,2026-04-05,True
943,Lee Morton,shelby69@example.org,South Kathryn,SD,2025-03-02,False
944,Tina Gay,hryan@example.net,New Thomashaven,NC,2025-12-09,False
945,Cory Johnston,marklloyd@example.com,South Leslie,DE,2026-06-23,True
946,Nicholas Beard,christopher88@example.org,Denisebury,NV,2025-11-22,False
947,Ronald Hatfield,kimberlyrussell@example.net,New Jorge,LA,2025-09-23,True
948,Brad Fisher,barbarachen@example.org,South Alexis,DE,2025-11-22,False
949,Justin Conrad,martinezaustin@example.com,Lake Garyland,DC,2026-02-04,True
950,Tamara Strong,david83@example.net,Davidmouth,OR,2026-04-18,False
951,Wendy Williams,stephanie67@example.net,Robertsfort,UT,2025-04-15,False
952,Misty Lawrence,hernandezalan@example.net,Emilymouth,MS,2025-09-06,False
953,Jordan Chapman,halltrevor@example.org,Mitchellfurt,MD,2025-05-19,False
954,Amanda Landry,russellramirez@example.net,Coryport,GA,2025-04-03,False
955,John Walker,keithhardin@example.net,East Elizabethberg,CT,2025-06-10,True
956,Katie Jackson,moyeramber@example.org,South Marissatown,MN,2025-06-07,True
957,Travis Simmons,dmeyer@example.com,Lake Jasmineville,NV,2025-12-02,False
958,Brandon Taylor III,schmittlinda@example.net,Lake Charles,GA,2026-01-29,True
959,Jesse Moss,mannleroy@example.org,Garciahaven,MD,2025-05-28,False
960,Mary Rich,averycourtney@example.org,New Nicholas,IN,2026-06-08,True
961,John Washington,jessicacampbell@example.org,New Mercedesborough,AL,2025-12-04,True
962,Justin Clark,benjaminwatts@example.net,Welchbury,SC,2025-09-28,False
963,Mr. Christopher Evans,nancycontreras@example.com,Harperside,NJ,2025-08-18,False
964,Brian Ibarra,robert75@example.org,Wilsonmouth,MD,2026-05-29,False
965,Michael Bush,flarsen@example.net,Mcdanieltown,LA,2025-07-28,True
966,Stacy Patton,hartmarcus@example.net,Robertmouth,NE,2025-11-06,True
967,Anthony Washington,matthewcardenas@example.com,Ortizshire,FM,2025-05-10,True
968,Penny Rodriguez,david80@example.net,Port Nicholasmouth,PW,2025-10-01,True
969,Kristen Pena,michaelgonzalez@example.org,Heathbury,LA,2025-05-06,False
970,Erin Lewis,shelbyjohnson@example.org,New Raymondfort,AZ,2025-05-02,False
971,Alexander Welch,arthurbrady@example.com,Andersonview,VI,2025-03-07,True
972,Jonathan Warner,vsmith@example.net,North Jill,WY,2025-10-31,True
973,Larry Collins,ronald04@example.com,Harrisview,SD,2026-03-24,True
974,Eddie Davis,ehoffman@example.com,South Andre,NM,2025-11-02,True
975,Pamela Klein,bwalker@example.com,South Mitchell,OK,2025-03-26,False
976,Evelyn Pacheco,davisgary@example.com,North Donald,RI,2026-01-03,False
977,Sara Hodges,saundersjohnathan@example.com,Maryton,MD,2026-06-20,False
978,Jennifer Smith,karinorton@example.net,Edwardsbury,MD,2025-12-25,False
979,Kayla Trevino,morseronald@example.org,Martineztown,GA,2026-02-08,True
980,Carol Kim,williamsroger@example.org,Taylorside,MT,2025-11-07,False
981,Bruce Forbes,alexandra95@example.net,East Kelly,TX,2025-06-08,True
982,Tiffany Watson,thomas35@example.net,East Alice,MP,2026-01-04,False
983,Jason Hernandez,holderadam@example.net,East Heather,ND,2025-12-23,False
984,Antonio Harrison,carlfields@example.org,Courtneyborough,KY,2025-08-09,False
985,Shawna Silva,michael64@example.net,North Brittany,CT,2025-06-18,True
986,Dennis Garcia,xrivera@example.net,Tammyfort,IL,2025-05-11,False
987,David Robinson,douglasalvarez@example.org,Christianton,DC,2026-02-02,True
988,Jessica Ruiz,vincent13@example.net,Bennettfurt,VT,2026-01-04,False
989,Ryan Stewart,waremegan@example.org,Jenniferchester,OH,2025-12-10,False
990,Richard Jennings MD,lpearson@example.org,Melissastad,VA,2025-11-26,True
991,Justin Cuevas,patrickwhite@example.net,East Scotthaven,ID,2025-01-05,False
992,Erin Bartlett,wesley09@example.com,Lake Joshuafort,MO,2025-02-04,True
993,Michele Hill MD,roysara@example.net,Henryfort,WA,2026-05-18,False
994,Rhonda Johnson,salazarjennifer@example.net,Port Melissa,CO,2025-11-22,False
995,Barbara Ramos,edwardsmichaela@example.com,Lake Christina,AK,2025-09-16,True
996,Sarah Stewart,rebeccamatthews@example.com,Lake Richardton,CA,2025-05-30,False
997,Kathryn Daniel,thompsonbradley@example.net,Lake William,HI,2026-05-09,False
998,Sara Smith,ann15@example.com,New Sarahland,DE,2025-03-12,True
999,Brandon Stewart,wangkristina@example.org,Stevenbury,ME,2026-06-13,True
1000,Stephanie Lee,lancegray@example.com,West Donald,MD,2025-11-18,False
